{"cameraMode":{"drawMode":0,"name":"Shaded","section":"Shading Mode"},"sceneLighting":false,"audioPlay":false,"sceneViewState":{"showFog":true,"showMaterialUpdate":false,"showSkybox":false,"showFlares":true,"showImageEffects":true,"showParticleSystems":true},"in2DMode":false,"pivot":{"x":-5.0877838134765629,"y":-23.454442977905275,"z":28.40557861328125},"rotation":{"x":-0.4404485821723938,"y":-0.0806119441986084,"z":0.03974797576665878,"w":-0.8932690620422363},"size":6.486513137817383,"orthographic":false}